{
    "levels": [
        {
            "id": 1,
            "name": "Training Waters",
            "obstacles": 3,
            "ports": 2,
            "timeLimit": 90,
            "windSpeed": 0
        },
        {
            "id": 2,
            "name": "Busy Harbor",
            "obstacles": 5,
            "ports": 3,
            "timeLimit": 75,
            "windSpeed": 1
        },
        {
            "id": 3,
            "name": "Stormy Seas",
            "obstacles": 7,
            "ports": 4,
            "timeLimit": 60,
            "windSpeed": 2
        }
    ]
}