{
    "ship": {
        "idle": {
            "frames": [
                {
                    "frame": 0,
                    "duration": 1000,
                    "texture": "ship",
                    "anchor": { "x": 0.5, "y": 0.5 },
                    "size": { "width": 32, "height": 16 }
                }
            ],
            "loop": true
        },
        "thrust": {
            "frames": [
                {
                    "frame": 0,
                    "duration": 100,
                    "texture": "ship",
                    "anchor": { "x": 0.5, "y": 0.5 },
                    "size": { "width": 32, "height": 16 },
                    "effects": {
                        "glow": {
                            "color": "0xff6600",
                            "intensity": 0.8,
                            "size": 6
                        }
                    }
                },
                {
                    "frame": 1,
                    "duration": 100,
                    "texture": "ship",
                    "anchor": { "x": 0.5, "y": 0.5 },
                    "size": { "width": 32, "height": 16 },
                    "effects": {
                        "glow": {
                            "color": "0xff3300",
                            "intensity": 1.0,
                            "size": 8
                        }
                    }
                }
            ],
            "loop": true
        },
        "damaged": {
            "frames": [
                {
                    "frame": 0,
                    "duration": 200,
                    "texture": "ship",
                    "anchor": { "x": 0.5, "y": 0.5 },
                    "size": { "width": 32, "height": 16 },
                    "tint": "0xff6666"
                },
                {
                    "frame": 1,
                    "duration": 200,
                    "texture": "ship",
                    "anchor": { "x": 0.5, "y": 0.5 },
                    "size": { "width": 32, "height": 16 },
                    "tint": "0xff3333"
                }
            ],
            "loop": true
        },
        "docking": {
            "frames": [
                {
                    "frame": 0,
                    "duration": 150,
                    "texture": "ship",
                    "anchor": { "x": 0.5, "y": 0.5 },
                    "size": { "width": 32, "height": 16 },
                    "scale": { "x": 1.0, "y": 1.0 }
                },
                {
                    "frame": 1,
                    "duration": 150,
                    "texture": "ship",
                    "anchor": { "x": 0.5, "y": 0.5 },
                    "size": { "width": 32, "height": 16 },
                    "scale": { "x": 0.95, "y": 0.95 }
                }
            ],
            "loop": false
        }
    },
    "particles": {
        "wake": {
            "texture": "splash",
            "config": {
                "scale": { "start": 0.3, "end": 0 },
                "alpha": { "start": 0.6, "end": 0 },
                "lifespan": 1000,
                "frequency": 50,
                "speed": { "min": 20, "max": 50 }
            }
        },
        "thrust": {
            "texture": "smoke",
            "config": {
                "scale": { "start": 0.1, "end": 0 },
                "alpha": { "start": 0.8, "end": 0 },
                "lifespan": 300,
                "frequency": 20,
                "speed": { "min": 30, "max": 60 },
                "tint": "0xff6600"
            }
        },
        "damage_smoke": {
            "texture": "smoke",
            "config": {
                "scale": { "start": 0.2, "end": 0.5 },
                "alpha": { "start": 0.7, "end": 0 },
                "lifespan": 2000,
                "frequency": 100,
                "speed": { "min": 10, "max": 30 },
                "tint": "0x666666"
            }
        },
        "explosion": {
            "texture": "star",
            "config": {
                "scale": { "start": 0.5, "end": 0 },
                "alpha": { "start": 1.0, "end": 0 },
                "lifespan": 800,
                "frequency": -1,
                "quantity": 15,
                "speed": { "min": 50, "max": 150 },
                "tint": "0xff3300"
            }
        }
    },
    "ui": {
        "compass": {
            "texture": "compass",
            "animations": {
                "spin": {
                    "rotation": { "from": 0, "to": 6.28 },
                    "duration": 4000,
                    "ease": "Linear",
                    "loop": true
                }
            }
        }
    },
    "effects": {
        "screen_shake": {
            "collision": {
                "intensity": 3,
                "duration": 200
            },
            "explosion": {
                "intensity": 8,
                "duration": 500
            },
            "dock": {
                "intensity": 1,
                "duration": 100
            }
        },
        "color_flash": {
            "damage": {
                "color": "0xff0000",
                "duration": 200,
                "alpha": 0.5
            },
            "success": {
                "color": "0x00ff00",
                "duration": 300,
                "alpha": 0.3
            },
            "warning": {
                "color": "0xffff00",
                "duration": 150,
                "alpha": 0.4
            }
        }
    },
    "meta": {
        "version": "1.0",
        "creator": "Port Pilot HTML5",
        "description": "Animation and effect definitions for the Port Pilot game",
        "frame_rate": 60,
        "coordinate_system": "center_origin"
    }
}
